event_id,best_rank,n_segments,n_rows,scored_that_day,date,tier,source,hazard,max_score,mean_conf,min_snap_m
CLS-GDE-00485,1.0,20,60,28,2017-01-20,bronze,corridor_landslides,landslide,0.23100450740502254,0.483505,36.3
GLC-595,1.0,20,60,54,2008-06-20,bronze,coolr_glc,landslide,0.3247422680412371,0.4793116666666667,87.9
GLC-5533,1.0,20,60,57,2013-09-16,silver,coolr_glc,landslide,0.29411764705882354,0.8342433333333333,30.2
GLC-5476,1.0,20,60,109,2013-09-07,bronze,coolr_glc,landslide,0.3294117647058824,0.46532666666666667,27.9
GLC-4580,1.0,20,60,45,2012-10-01,bronze,coolr_glc,landslide,0.2978723404255319,0.481435,553.9
GLC-4556,1.0,20,60,92,2012-09-16,silver,coolr_glc,landslide,0.3382352941176471,0.8607883333333334,147.4
GLC-4394,1.0,20,60,56,2012-06-07,bronze,coolr_glc,landslide,0.3191964285714285,0.48202,169.9
GLC-3989,1.0,20,60,68,2011-09-26,bronze,coolr_glc,landslide,0.3294117647058824,0.43619833333333335,311.5
GLC-3805,1.0,7,21,57,2011-07-19,silver,coolr_glc,landslide,0.35106382978723405,0.5873666666666667,76.8
GLC-3794,1.0,20,60,55,2011-07-17,silver,coolr_glc,landslide,0.8666666666666667,0.7272283333333333,302.9
GLC-3621,1.0,20,60,54,2011-06-17,silver,coolr_glc,mudslide,0.3382352941176471,0.8106433333333333,66.2
GLC-260,1.0,20,60,66,2007-09-11,silver,coolr_glc,debris_flow,0.27438393042037695,0.7248416666666666,432.1
GLC-2572,1.0,20,60,25,2010-10-08,bronze,coolr_glc,landslide,0.23100450740502254,0.23576499999999997,16992.2
GLC-242,1.0,20,60,102,2007-09-07,bronze,coolr_glc,landslide,0.34965034965034963,0.48451500000000003,241.1
GLC-2345,1.0,20,60,69,2010-08-27,silver,coolr_glc,landslide,0.27438393042037695,0.8449066666666667,71.0
GLC-2325,1.0,20,60,119,2010-08-24,silver,coolr_glc,landslide,0.34965034965034963,0.8489333333333333,158.9
GLC-2261,1.0,20,60,55,2010-08-17,bronze,coolr_glc,landslide,0.8666666666666667,0.4142733333333333,242.3
GLC-218,1.0,20,60,20,2007-08-29,bronze,coolr_glc,landslide,0.38666666666666666,0.4649983333333333,231.1
GLC-2116,1.0,20,60,94,2010-07-22,bronze,coolr_glc,landslide,0.3294117647058824,0.4671033333333333,121.8
GLC-210,1.0,20,60,57,2007-08-25,bronze,coolr_glc,landslide,0.38666666666666666,0.49339,270.5
GLC-614,1.0,20,60,69,2008-06-29,silver,coolr_glc,landslide,0.35106382978723405,0.7799966666666667,485.4
GLC-1963,1.0,20,60,57,2010-06-11,bronze,coolr_glc,landslide,0.453125,0.41351666666666664,182.2
GLC-620,1.0,20,60,69,2008-06-30,silver,coolr_glc,landslide,0.38666666666666666,0.7803933333333333,151.0
GLC-6782,1.0,2,6,39,2011-09-28,silver,coolr_glc,landslide,0.27438393042037695,0.5196333333333333,9.9
GLC-9950,1.0,20,60,48,2016-09-02,bronze,coolr_glc,landslide,0.3382352941176471,0.400355,3605.3
GLC-9918,1.0,20,60,50,2017-06-30,bronze,coolr_glc,landslide,0.27438393042037695,0.4687383333333333,558.5
GLC-9741,1.0,20,60,56,2017-06-05,bronze,coolr_glc,landslide,0.2970760233918128,0.4419283333333333,194.0
GLC-9617,1.0,20,60,89,2016-10-15,silver,coolr_glc,landslide,0.8095238095238095,0.7885183333333334,282.3
GLC-9603,1.0,20,60,87,2016-10-12,bronze,coolr_glc,landslide,0.8666666666666667,0.454445,243.4
GLC-9587,1.0,20,60,87,2016-10-12,bronze,coolr_glc,landslide,0.8666666666666667,0.4133316666666667,806.5
GLC-9138,1.0,4,12,37,2016-07-21,silver,coolr_glc,landslide,0.8666666666666667,0.8423916666666668,121.1
GLC-9012,1.0,20,60,58,2016-07-15,bronze,coolr_glc,mudslide,0.2978723404255319,0.45913833333333337,833.5
GLC-770,1.0,20,60,51,2008-09-02,bronze,coolr_glc,landslide,0.27438393042037695,0.2717616666666667,13555.2
GLC-763,1.0,20,60,40,2008-08-29,bronze,coolr_glc,landslide,0.3247422680412371,0.400175,1965.0
GLC-7363,1.0,20,60,163,2015-06-30,bronze,coolr_glc,landslide,0.38666666666666666,0.44694,34.4
GLC-7138,1.0,20,60,77,2015-07-07,silver,coolr_glc,landslide,0.453125,0.8129133333333333,334.2
GLC-7076,1.0,5,15,54,2015-07-04,silver,coolr_glc,landslide,0.3382352941176471,0.6339533333333333,233.9
GLC-7075,1.0,20,60,163,2015-06-30,bronze,coolr_glc,landslide,0.38666666666666666,0.47371166666666664,43.5
GLC-7037,1.0,20,60,163,2015-07-01,silver,coolr_glc,landslide,0.8666666666666667,0.8347300000000001,193.1
GLC-7036,1.0,20,60,163,2015-07-01,silver,coolr_glc,landslide,0.8666666666666667,0.7470033333333334,622.8
GLC-7021,1.0,12,36,42,2015-06-27,silver,coolr_glc,landslide,0.2970760233918128,0.5265666666666666,124.6
GLC-6979,1.0,20,60,63,2015-06-11,silver,coolr_glc,landslide,0.3247422680412371,0.8431633333333334,18.4
GLC-6967,1.0,5,15,63,2015-06-13,silver,coolr_glc,landslide,0.2970760233918128,0.47329333333333334,456.3
GLC-657,1.0,20,60,55,2008-07-22,bronze,coolr_glc,landslide,0.453125,0.415985,3741.4
GLC-1929,1.0,20,60,52,2010-05-31,silver,coolr_glc,landslide,0.27438393042037695,0.7573466666666667,334.1
GLC-9994,1.0,10,30,72,2017-07-06,silver,coolr_glc,landslide,0.3294117647058824,0.50407,170.8
GLC-1099,1.0,20,60,148,2009-08-18,silver,coolr_glc,landslide,0.3247422680412371,0.7324,404.6
GLC-1091,1.0,20,60,123,2009-08-16,bronze,coolr_glc,landslide,0.453125,0.46761833333333336,612.7
GLC-1090,1.0,20,60,123,2009-08-16,silver,coolr_glc,landslide,0.453125,0.7361083333333334,240.7
GLC-1112,1.0,20,60,148,2009-08-20,bronze,coolr_glc,mudslide,0.8666666666666667,0.49357666666666666,106.4
GLC-1056,1.0,20,60,79,2009-07-22,bronze,coolr_glc,landslide,0.3191964285714285,0.4575133333333333,72.6
GLC-1054,1.0,20,60,79,2009-07-22,bronze,coolr_glc,landslide,0.2978723404255319,0.429455,761.5
GLC-1050,1.0,20,60,56,2009-07-03,bronze,coolr_glc,landslide,0.8666666666666667,0.45031999999999994,140.9
GLC-1037,1.0,20,60,50,2009-06-17,silver,coolr_glc,mudslide,0.6538461538461539,0.65662,297.1
GLC-1032,1.0,20,60,47,2009-05-26,silver,coolr_glc,landslide,0.3247422680412371,0.8068733333333333,254.2
GLC-10008,1.0,20,60,74,2016-08-09,bronze,coolr_glc,landslide,0.3294117647058824,0.45023166666666664,812.8
EVT-REL-00449,1.0,20,60,26,2023-10-23,bronze,reliefweb_events,flood,0.27438393042037695,0.29979333333333336,296.2
GLC-11185,1.0,20,60,75,2016-09-21,silver,coolr_glc,landslide,0.34965034965034963,0.7806316666666666,212.8
GLC-1106,1.0,8,24,148,2009-08-20,silver,coolr_glc,landslide,0.8666666666666667,0.48280833333333334,309.7
CLS-REL-00352,1.0,20,60,33,2025-02-04,bronze,corridor_landslides,landslide+flood,0.18095238095238092,0.438725,296.2
GLC-1125,1.0,20,60,58,2009-08-26,bronze,coolr_glc,landslide,0.3247422680412371,0.43467,1915.2
EVT-REL-00322,1.0,20,60,29,2023-10-17,bronze,reliefweb_events,flood,0.18095238095238092,0.337215,142.3
GLC-151,1.0,20,60,70,2007-08-02,bronze,coolr_glc,mudslide,0.3458646616541353,0.48250499999999996,482.8
GLC-1168,1.0,20,60,75,2009-09-17,silver,coolr_glc,landslide,0.3247422680412371,0.7157283333333333,164.3
GLC-1175,1.0,20,60,75,2009-09-19,silver,coolr_glc,landslide,0.27438393042037695,0.5453733333333334,1536.0
CLS-REL-00310,1.0,20,60,48,2024-08-25,bronze,corridor_landslides,landslide+flood,0.38666666666666666,0.438725,296.2
CLS-REL-00329,1.0,20,60,28,2019-11-10,bronze,corridor_landslides,landslide,0.14285714285714282,0.483505,36.3
CLS-REL-00327,1.0,20,60,29,2023-01-23,bronze,corridor_landslides,landslide,0.23100450740502254,0.483505,36.3
GLC-4901,2.0,20,60,48,2013-06-05,bronze,coolr_glc,mudslide,0.2970760233918128,0.48013,93.0
GLC-4908,2.0,20,60,51,2013-06-08,bronze,coolr_glc,landslide,0.3191964285714285,0.4769633333333333,633.4
GLC-5469,2.0,20,60,109,2013-09-06,silver,coolr_glc,landslide,0.27438393042037695,0.7967216666666667,117.5
GLC-5470,2.0,20,60,109,2013-09-06,silver,coolr_glc,landslide,0.27438393042037695,0.7458883333333334,613.8
GLC-1756,2.0,20,60,28,2010-04-17,silver,coolr_glc,landslide,0.08922198429693076,0.57315,254.4
GLC-57,2.0,20,60,26,2007-04-11,silver,coolr_glc,landslide,0.16903225806451613,0.6682266666666667,782.6
CLS-REL-00311,2.0,20,60,63,2024-08-22,bronze,corridor_landslides,landslide,0.27438393042037695,0.48812833333333333,142.3
GLC-7938,2.0,20,60,69,2015-09-03,bronze,coolr_glc,landslide,0.3191964285714285,0.46995,455.2
CLS-REL-00314,2.0,20,60,63,2024-08-20,bronze,corridor_landslides,landslide+flood,0.27438393042037695,0.438725,296.2
CLS-REL-00334,2.0,20,60,163,2015-07-02,bronze,corridor_landslides,landslide,0.453125,0.483505,36.3
GLC-9167,2.0,20,60,52,2016-06-14,silver,coolr_glc,landslide,0.27438393042037695,0.8362833333333334,135.6
CLS-REL-00331,2.0,20,60,52,2018-09-23,bronze,corridor_landslides,landslide,0.27373068432671077,0.48812833333333333,142.3
GLC-8899,2.0,20,60,58,2016-07-10,silver,coolr_glc,landslide,0.27438393042037695,0.74898,239.0
GLC-8677,2.0,20,60,27,2015-10-08,silver,coolr_glc,landslide,0.1645362176335628,0.5181316666666667,439.8
GLC-755,2.0,20,60,43,2008-08-28,bronze,coolr_glc,landslide,0.27438393042037695,0.4865066666666667,29.0
GLC-7946,2.0,9,27,69,2015-09-05,silver,coolr_glc,landslide,0.27438393042037695,0.5774666666666667,172.3
GLC-1088,2.0,20,60,123,2009-08-16,silver,coolr_glc,landslide,0.38666666666666666,0.7907366666666668,284.3
GLC-4579,2.0,20,60,45,2012-10-01,silver,coolr_glc,landslide,0.27438393042037695,0.7462983333333334,815.1
GLC-3643,2.0,20,60,58,2011-06-23,silver,coolr_glc,landslide,0.27438393042037695,0.8168866666666666,112.5
GLC-3632,2.0,20,60,52,2011-06-20,silver,coolr_glc,landslide,0.2405271828665569,0.8147033333333333,73.8
GLC-2201,2.0,20,60,51,2010-08-05,silver,coolr_glc,landslide,0.27438393042037695,0.8544683333333334,52.3
GLC-2034,2.0,1,3,31,2010-07-04,silver,coolr_glc,landslide,0.23100450740502254,0.5186000000000001,312.0
GLC-2392,2.0,20,60,52,2010-09-04,bronze,coolr_glc,landslide,0.3247422680412371,0.42255000000000004,411.7
GLC-2113,2.0,20,60,94,2010-07-21,bronze,coolr_glc,landslide,0.3191964285714285,0.46249833333333334,888.7
GLC-1260,2.0,20,60,26,2009-10-15,silver,coolr_glc,mudslide,0.2970760233918128,0.8235033333333334,187.9
GLC-256,2.0,20,60,66,2007-09-10,bronze,coolr_glc,landslide,0.27438393042037695,0.47101666666666664,354.4
GLC-3986,2.0,15,45,68,2011-09-25,silver,coolr_glc,landslide,0.27438393042037695,0.5042355555555555,404.6
GLC-4569,2.0,20,60,51,2012-09-19,bronze,coolr_glc,landslide,0.27438393042037695,0.4289133333333333,642.1
GLC-1995,2.0,20,60,71,2010-06-16,bronze,coolr_glc,landslide,0.3191964285714285,0.45765,106.9
CLS-REL-00332,3.0,20,60,46,2018-07-05,bronze,corridor_landslides,landslide+flood,0.23100450740502254,0.2899583333333334,40.4
GLC-6783,3.0,2,6,41,2012-07-19,silver,coolr_glc,landslide,0.23100450740502254,0.5146833333333333,8.7
GLC-6459,3.0,20,60,58,2014-08-04,bronze,coolr_glc,landslide,0.27438393042037695,0.4430366666666667,173.9
GLC-3813,3.0,20,60,57,2011-07-20,bronze,coolr_glc,landslide,0.27438393042037695,0.4824616666666667,417.1
GLC-4505,3.0,20,60,53,2012-08-21,silver,coolr_glc,landslide,0.27438393042037695,0.7240966666666666,118.3
GLC-126,3.0,20,60,49,2007-07-16,bronze,coolr_glc,mudslide,0.2970760233918128,0.4981216666666667,386.2
GLC-4921,3.0,20,60,49,2013-06-15,bronze,coolr_glc,landslide,0.20632911392405062,0.49759833333333336,111.2
GLC-2341,3.0,20,60,119,2010-08-26,bronze,coolr_glc,landslide,0.27438393042037695,0.457775,58.6
GLC-231,3.0,20,60,102,2007-09-05,silver,coolr_glc,landslide,0.3247422680412371,0.8209783333333333,194.6
GLC-6146,3.0,20,60,44,2014-07-15,silver,coolr_glc,landslide,0.2970760233918128,0.5887966666666667,63.2
GLC-7034,3.0,5,15,163,2015-06-30,silver,coolr_glc,landslide,0.34965034965034963,0.5533466666666667,331.7
GLC-94,4.0,20,60,53,2007-06-15,bronze,coolr_glc,landslide,0.23100450740502254,0.33858333333333335,476.9
GLC-10021,4.0,20,60,74,2016-08-09,silver,coolr_glc,landslide,0.27438393042037695,0.6198133333333333,945.8
GLC-1031,4.0,20,60,47,2009-05-26,silver,coolr_glc,landslide,0.3191964285714285,0.8196516666666667,112.2
GLC-2109,4.0,20,60,94,2010-07-21,bronze,coolr_glc,landslide,0.2970760233918128,0.45202,1089.1
GLC-1061,4.0,3,9,50,2009-07-01,silver,coolr_glc,landslide,0.2405271828665569,0.6987222222222222,53.2
GLC-4549,4.0,20,60,92,2012-09-14,silver,coolr_glc,landslide,0.2405271828665569,0.6254816666666667,924.8
GLC-9747,5.0,3,9,54,2017-06-04,silver,coolr_glc,landslide,0.10041224970553593,0.5273777777777777,225.8
GLC-6292,5.0,20,60,48,2014-09-23,silver,coolr_glc,landslide,0.23100450740502254,0.72453,241.1
GLC-1110,5.0,20,60,148,2009-08-20,bronze,coolr_glc,landslide,0.453125,0.46512,280.0
GLC-9955,5.0,20,60,72,2017-07-03,silver,coolr_glc,landslide,0.20632911392405062,0.4949483333333333,297.8
GLC-4411,5.0,20,60,54,2012-06-14,silver,coolr_glc,landslide,0.2405271828665569,0.8458450000000001,93.1
GLC-5079,5.0,20,60,57,2013-07-11,bronze,coolr_glc,mudslide,0.23100450740502254,0.47468333333333335,147.7
GLC-4552,5.0,20,60,92,2012-09-14,silver,coolr_glc,landslide,0.23100450740502254,0.7252616666666667,200.1
GLC-11180,6.0,20,60,72,2017-07-08,bronze,coolr_glc,landslide,0.27438393042037695,0.44470333333333334,295.6
GLC-3714,7.0,20,60,52,2011-07-03,silver,coolr_glc,landslide,0.23100450740502254,0.8240700000000001,2.5
GLC-9164,7.0,3,9,37,2016-07-24,silver,coolr_glc,landslide,0.14285714285714282,0.5898666666666667,295.4
GLC-2328,7.0,20,60,119,2010-08-24,bronze,coolr_glc,landslide,0.2970760233918128,0.46127333333333337,771.8
GLC-2326,7.0,20,60,119,2010-08-24,silver,coolr_glc,landslide,0.27438393042037695,0.8065266666666666,106.9
GLC-9976,8.0,20,60,72,2017-07-05,silver,coolr_glc,landslide,0.2405271828665569,0.7031949999999999,610.5
CLS-REL-00330,9.0,20,60,55,2019-07-14,bronze,corridor_landslides,landslide+flood,0.16903225806451613,0.36879666666666666,1916.6
GLC-11181,9.0,20,60,72,2017-07-08,silver,coolr_glc,landslide,0.23100450740502254,0.662255,594.0
GLC-7139,9.0,20,60,77,2015-07-07,silver,coolr_glc,landslide,0.3294117647058824,0.817495,283.4
GLC-9620,15.0,20,60,89,2016-10-15,silver,coolr_glc,landslide,0.3382352941176471,0.85323,105.6
GLC-1104,15.0,20,60,148,2009-08-19,bronze,coolr_glc,landslide,0.2405271828665569,0.44546833333333336,97.8
GLC-241,18.0,20,60,102,2007-09-07,bronze,coolr_glc,landslide,0.27438393042037695,0.44745833333333335,278.8
GLC-1111,18.0,20,60,148,2009-08-20,silver,coolr_glc,landslide,0.3382352941176471,0.7594583333333333,809.2
GLC-239,19.0,20,60,102,2007-09-07,bronze,coolr_glc,landslide,0.2405271828665569,0.44507,216.9
GLC-5471,20.0,20,60,109,2013-09-06,bronze,coolr_glc,landslide,0.21483375959079284,0.42036166666666663,513.9
GLC-9619,22.0,20,60,89,2016-10-15,silver,coolr_glc,landslide,0.2970760233918128,0.8492866666666666,93.3
GLC-11184,23.0,20,60,75,2016-09-21,bronze,coolr_glc,landslide,0.20632911392405062,0.44881166666666666,167.0
GLC-9604,23.0,20,60,87,2016-10-12,bronze,coolr_glc,landslide,0.3382352941176471,0.4481866666666666,807.8
GLC-1993,26.0,20,60,71,2010-06-16,bronze,coolr_glc,landslide,0.1685490877497828,0.38128,208.2
GLC-1107,27.0,20,60,148,2009-08-20,bronze,coolr_glc,landslide,0.3247422680412371,0.47949,142.5
GLC-9605,27.0,20,60,89,2016-10-13,bronze,coolr_glc,landslide,0.2970760233918128,0.47990499999999997,351.3
GLC-152,31.0,20,60,70,2007-08-02,bronze,coolr_glc,landslide,0.09476309226932668,0.20552833333333334,85.0
GLC-7044,38.0,20,60,163,2015-07-01,bronze,coolr_glc,landslide,0.3382352941176471,0.4793783333333333,489.8
GLC-1089,64.0,20,60,123,2009-08-16,bronze,coolr_glc,landslide,0.23100450740502254,0.454225,96.1
GLC-7039,73.0,7,21,163,2015-07-01,silver,coolr_glc,landslide,0.27438393042037695,0.5112857142857143,225.5
