segment_id,date,target,label_tier,label_confidence,hazard,label_source,event_id,persist_day,snap_dist_m,seg_lon,seg_lat,p_cal,rain_3d_mm,api_mm,slope_mean_deg,spatial_fold
SEG282935,2024-10-08,0,negative,0.7,none,hard_negative_matched,,0,,87.51763539965701,26.994132725807347,0.8666666666666667,1.4348240999970585,136.05624833281405,11.616538047790527,3
SEG284271,2016-10-11,0,negative,0.7,none,hard_negative_matched,,0,,87.89148636320225,27.18561272150048,0.8666666666666667,26.18370000000141,115.51529797721489,26.548715591430664,3
SEG247786,2007-07-24,0,negative,0.7,none,hard_negative_matched,,0,,88.53891090796031,26.932821797397793,0.8666666666666667,60.29206880000038,278.0392344434423,24.37490463256836,2
SEG302311,2010-09-08,0,negative,0.7,none,hard_negative_matched,,0,,87.20239906495902,26.905491978097984,0.8666666666666667,42.75433900000098,158.06177866684175,27.396345138549805,1
SEG247786,2009-09-02,0,negative,0.7,none,hard_negative_matched,,0,,88.53891090796031,26.932821797397793,0.8666666666666667,59.864308999998684,264.68139345607494,24.37490463256836,2
SEG292330,2009-08-22,0,negative,0.7,none,hard_negative_matched,,0,,88.13382030624297,26.909428883313005,0.8666666666666667,134.455324999999,371.6675819027622,14.47769546508789,3
SEG293087,2009-09-05,0,negative,0.7,none,hard_negative_matched,,0,,87.9912642283909,27.107122598033424,0.8666666666666667,6.358733999999458,131.04029186779596,18.96955108642578,3
SEG250037,2015-06-14,0,negative,0.7,none,hard_negative_matched,,0,,88.64262475000776,27.103193500003425,0.8666666666666667,43.08054700000139,122.91656105283357,26.921205520629883,1
SEG247878,2020-07-21,0,negative,0.7,none,hard_negative_matched,,0,,88.53512187161978,26.940247190809323,0.8666666666666667,70.03936259999318,262.0092604043514,25.72710418701172,2
SEG282466,2013-10-15,0,negative,0.7,none,hard_negative_matched,,0,,87.9457676927051,27.008896949693803,0.8666666666666667,110.84976300000017,146.72087827595917,19.86034393310547,3
SEG282448,2014-08-22,0,negative,0.7,none,hard_negative_matched,,0,,87.9492159689114,26.99453032967109,0.8095238095238095,85.33067200000005,208.23046912423212,23.23033142089844,3
SEG225222,2010-07-02,0,negative,0.7,none,hard_negative_matched,,0,,89.92076683617091,26.923733385531108,0.8095238095238095,14.337842500000988,252.1903562314195,28.05723762512207,2
SEG292361,2024-10-11,0,negative,0.7,none,hard_negative_matched,,0,,88.14405720975087,26.917159833426776,0.8095238095238095,19.576265000003332,141.58484857217874,21.910070419311523,3
SEG283472,2018-07-23,0,negative,0.7,none,hard_negative_matched,,0,,87.9305930686992,26.99657456086634,0.8095238095238095,65.66398590000244,146.58887089629147,15.23192024230957,3
SEG238398,2010-06-17,0,negative,0.7,none,hard_negative_matched,,0,,88.87269421116032,27.03989483846652,0.8095238095238095,46.26784989999942,111.01839538351467,8.393365859985352,0
SEG306350,2009-10-15,0,negative,0.7,none,hard_negative_matched,,0,,87.77176237861649,27.16565168967682,0.8095238095238095,0.0,94.18843130325848,24.08123779296875,3
SEG283472,2010-07-19,0,negative,0.7,none,hard_negative_matched,,0,,87.9305930686992,26.99657456086634,0.8095238095238095,69.12137000000075,220.87437881295241,15.23192024230957,3
SEG293087,2015-06-12,0,negative,0.7,none,hard_negative_matched,,0,,87.9912642283909,27.107122598033424,0.8095238095238095,84.90259700000024,130.60747490193228,18.96955108642578,3
SEG225305,2009-07-04,0,negative,0.7,none,hard_negative_matched,,0,,89.91641012279577,26.933111555976126,0.7777777777777778,89.19980000000032,262.52135419342545,27.010595321655273,2
SEG284031,2024-10-10,0,negative,0.7,none,hard_negative_matched,,0,,87.84529184617652,27.160717097410675,0.7777777777777778,33.2815929999997,141.0402584164804,26.9427433013916,3
SEG225398,2009-08-25,0,negative,0.7,none,hard_negative_matched,,0,,89.98947471748913,26.968409815617857,0.6538461538461539,35.57204660000025,365.69889236254176,20.643781661987305,2
SEG252189,2018-07-06,0,negative,0.7,none,hard_negative_matched,,0,,88.7959858331266,27.142294220266553,0.6538461538461539,88.7688330000019,155.79238487133037,17.589160919189453,0
SEG282795,2018-09-06,0,negative,0.7,none,hard_negative_matched,,0,,87.53948716325257,26.841787408577225,0.6538461538461539,41.937271599999804,161.3670390013641,28.90508460998535,3
SEG225279,2012-10-08,0,negative,0.7,none,hard_negative_matched,,0,,89.94755168648439,26.930926843029614,0.6538461538461539,1.8215405000009923,125.3562825041921,12.10216236114502,2
SEG247955,2017-07-24,0,negative,0.7,none,hard_negative_matched,,0,,88.51490642926281,27.13769235077514,0.6538461538461539,67.0705710000002,223.1930842466303,16.544963836669922,1
SEG225221,2011-07-06,0,negative,0.7,none,hard_negative_matched,,0,,89.95070169955015,26.923512934622643,0.6538461538461539,41.810999999999694,260.1890756152328,15.77443790435791,2
SEG289141,2011-08-26,0,negative,0.7,none,hard_negative_matched,,0,,88.07506075815479,26.89260035064571,0.6538461538461539,89.6183134999992,257.489760908969,15.12702465057373,3
SEG250068,2025-10-15,0,negative,0.7,none,hard_negative_matched,,0,,88.64277853621621,27.106141417072383,0.6538461538461539,0.0,89.92060376646175,19.2341365814209,1
SEG252701,2011-09-19,0,negative,0.7,none,hard_negative_matched,,0,,88.83090574999986,27.386830750000343,0.6538461538461539,45.33264831999986,66.0778293865425,9.843714714050291,1
SEG284299,2012-09-05,0,negative,0.7,none,hard_negative_matched,,0,,87.90891439035578,27.27539795774771,0.453125,42.275611999999455,155.1902214809512,27.7614688873291,1
SEG281733,2020-08-01,0,negative,0.7,none,hard_negative_matched,,0,,87.94918755100016,26.88228237979573,0.453125,32.25790870000128,261.7280107170692,26.49431800842285,3
SEG292352,2015-09-13,0,negative,0.7,none,hard_negative_matched,,0,,88.13695146405344,26.913947686804875,0.453125,53.85874099999637,228.4504672208606,14.61924934387207,3
SEG289215,2014-07-23,0,negative,0.7,none,hard_negative_matched,,0,,88.10241914766937,26.91954677923867,0.453125,56.4854164999997,196.68691881285025,17.12984275817871,3
SEG282280,2012-08-08,0,negative,0.7,none,hard_negative_matched,,0,,87.83674673927965,26.940182712607353,0.453125,9.555179299999509,136.55381925307788,10.352603912353516,3
SEG283944,2016-07-20,0,negative,0.7,none,hard_negative_matched,,0,,87.98342909982176,27.118726439527897,0.453125,86.94414730000062,140.10285614633617,20.753572463989254,3
SEG289673,2023-07-26,0,negative,0.7,none,hard_negative_matched,,0,,88.17014354229131,26.818905187415925,0.453125,42.79718000000139,211.37870061178515,27.688692092895508,3
SEG292748,2023-07-26,0,negative,0.7,none,hard_negative_matched,,0,,88.12277049104028,26.944456529060062,0.453125,42.79718000000139,211.37870061178515,13.524179458618164,3
SEG292749,2010-07-03,0,negative,0.7,none,hard_negative_matched,,0,,88.12111343392864,26.94554611792978,0.453125,89.3308219999999,251.00302906038192,16.25322723388672,3
SEG304834,2025-10-05,0,negative,0.7,none,hard_negative_matched,,0,,87.37910662626028,27.21173224462805,0.453125,70.59238399999958,131.13288220133228,18.656707763671875,1
SEG292086,2021-08-24,0,negative,0.7,none,hard_negative_matched,,0,,88.25681596046918,27.09531597842549,0.453125,31.825880999997025,235.83282551886484,24.913179397583008,0
SEG283740,2011-07-05,0,negative,0.7,none,hard_negative_matched,,0,,87.92595106878983,27.020267468259483,0.453125,39.121957600000314,128.29750230289707,14.127981185913086,3
SEG288739,2022-09-03,0,negative,0.7,none,hard_negative_matched,,0,,88.16330943134898,26.84323123868482,0.453125,150.7829369999963,346.65152510480556,30.288604736328125,3
SEG307145,2024-10-05,0,negative,0.7,none,hard_negative_matched,,0,,87.80492085181506,27.28892944390946,0.453125,25.565538999995624,163.57291030662475,25.83636474609375,1
SEG292755,2012-09-06,0,negative,0.7,none,hard_negative_matched,,0,,88.11713340804913,26.948016377867066,0.453125,25.289683999999397,177.62564644656686,15.603934288024902,3
SEG293653,2025-06-16,0,negative,0.7,none,hard_negative_matched,,0,,88.40803489938406,27.090491189375342,0.453125,61.87160220000078,122.22147596241247,34.181884765625,0
SEG281770,2008-07-09,0,negative,0.7,none,hard_negative_matched,,0,,87.94510602097303,26.89465363553169,0.453125,10.1977275499994,126.63373909129314,22.885334014892575,3
SEG292565,2014-06-05,0,negative,0.7,none,hard_negative_matched,,0,,88.10346051898473,26.929429758097854,0.453125,50.66636440000002,136.19961278450984,16.442737579345703,3
SEG250128,2009-08-27,0,negative,0.7,none,hard_negative_matched,,0,,88.56051963846868,26.97436196339974,0.453125,13.12777499999902,303.3709710868577,25.00763511657715,2
SEG292562,2009-07-05,0,negative,0.7,none,hard_negative_matched,,0,,88.09544439348811,26.92893455734171,0.453125,48.663520200001585,172.08548896652914,14.675898551940918,3
SEG282935,2014-08-23,0,negative,0.7,none,hard_negative_matched,,0,,87.51763539965701,26.994132725807347,0.453125,55.969235799999296,206.24848133436433,11.616538047790527,3
SEG289210,2015-09-03,0,negative,0.7,none,hard_negative_matched,,0,,88.1030068727499,26.91218120786715,0.453125,31.92053400000077,267.8966560185433,18.58112144470215,3
SEG283913,2020-09-26,0,negative,0.7,none,hard_negative_matched,,0,,87.93167035181793,27.09011892563483,0.453125,100.41159499999776,165.37006972974436,15.67970085144043,3
SEG288506,2009-08-23,0,negative,0.7,none,hard_negative_matched,,0,,88.16616572929246,26.822241115722484,0.453125,115.15312099999937,371.0991993505413,18.780336380004883,3
SEG282467,2009-07-13,0,negative,0.7,none,hard_negative_matched,,0,,87.93998418911771,27.00956257090856,0.453125,35.361793000000034,169.4160561200476,22.027210235595703,3
SEG289680,2022-08-21,0,negative,0.7,none,hard_negative_matched,,0,,88.17664277336023,26.81261091889481,0.453125,87.12012200000026,189.0514359909607,22.93142318725586,3
SEG293453,2009-08-23,0,negative,0.7,none,hard_negative_matched,,0,,88.32019659608775,27.058898965146994,0.453125,83.60157900000195,332.56222654869714,12.006274223327637,0
SEG292362,2011-09-19,0,negative,0.7,none,hard_negative_matched,,0,,88.14405720975087,26.917159833426776,0.453125,127.55707239999902,202.19669462565744,21.910070419311523,3
SEG283951,2025-10-12,0,negative,0.7,none,hard_negative_matched,,0,,87.92970124632564,27.15579524687623,0.453125,0.547460139998293,101.14628792109042,18.737218856811523,3
SEG302293,2009-09-03,0,negative,0.7,none,hard_negative_matched,,0,,87.2350958903743,26.88162637937961,0.453125,37.817660499998965,160.81880961269852,21.58416175842285,1
SEG283601,2022-08-19,0,negative,0.7,none,hard_negative_matched,,0,,87.95571877398726,27.001817079735414,0.453125,57.28489300000001,167.74548632181677,20.30843162536621,3
SEG305600,2022-09-08,0,negative,0.7,none,hard_negative_matched,,0,,87.2160336690797,27.53468784692164,0.453125,89.65018000000418,162.38991271444812,22.282533645629883,3
SEG292776,2014-09-15,0,negative,0.7,none,hard_negative_matched,,0,,88.11740713725221,26.94809984457063,0.453125,59.7876159999978,199.5848955642416,15.418609619140623,3
SEG292365,2012-07-21,0,negative,0.7,none,hard_negative_matched,,0,,88.14618374744244,26.917409088249162,0.453125,87.13990899999772,252.43797513943198,24.571794509887695,3
SEG292733,2007-07-17,0,negative,0.7,none,hard_negative_matched,,0,,88.12475796627204,26.938887864751496,0.453125,85.87070399999993,244.8205022026626,19.179370880126953,3
SEG247799,2025-08-27,0,negative,0.7,none,hard_negative_matched,,0,,88.55683184119033,26.936007246927083,0.453125,19.783094799997343,196.801035738782,24.476991653442383,2
SEG292349,2021-07-23,0,negative,0.7,none,hard_negative_matched,,0,,88.13833255694045,26.913073392651665,0.453125,48.10231349999958,152.3475875354209,16.642549514770508,3
SEG247783,2009-09-01,0,negative,0.7,none,hard_negative_matched,,0,,88.52628583581705,26.92628033663996,0.453125,92.0589600000003,273.987924941191,17.216053009033203,2
SEG307025,2020-10-06,0,negative,0.7,none,hard_negative_matched,,0,,87.87121042632143,27.26795899052288,0.453125,21.830591000001732,101.42724482953699,16.840330123901367,1
SEG282176,2016-09-17,0,negative,0.7,none,hard_negative_matched,,0,,87.9376636964794,26.9265330632343,0.453125,103.35236554999938,177.50790325648103,18.1377010345459,3
SEG283947,2025-10-06,0,negative,0.7,none,hard_negative_matched,,0,,87.97736855576863,27.167967266309958,0.453125,107.03115699999762,169.64031777530576,28.45037078857422,3
SEG283471,2017-09-01,0,negative,0.7,none,hard_negative_matched,,0,,87.932056523036,26.996205358823943,0.453125,76.11971919999996,253.44707589456823,14.043013572692873,3
SEG282212,2019-07-28,0,negative,0.7,none,hard_negative_matched,,0,,87.92709009614246,26.94175293408029,0.453125,55.27946499999962,401.8062602062613,22.30113410949707,3
SEG283470,2017-07-08,0,negative,0.7,none,hard_negative_matched,,0,,87.93225656960408,26.996141653368547,0.453125,12.43884109999999,100.92582409522328,14.07613468170166,3
SEG282176,2016-09-22,0,negative,0.7,none,hard_negative_matched,,0,,87.9376636964794,26.9265330632343,0.453125,87.29111100000227,218.826779248931,18.1377010345459,3
SEG292448,2017-09-01,0,negative,0.7,none,hard_negative_matched,,0,,88.11099730081966,26.925533664593452,0.453125,99.72990349999964,322.88378640845065,22.53162956237793,3
SEG283712,2010-06-22,0,negative,0.7,none,hard_negative_matched,,0,,87.92731523173607,27.008217561933733,0.453125,14.99795819999963,130.8378829452962,11.823291778564451,3
SEG282471,2022-08-27,0,negative,0.7,none,hard_negative_matched,,0,,87.93914622173217,27.013911838742747,0.453125,3.5381873000005726,169.77828798477586,18.26187515258789,3
SEG292364,2013-08-22,0,negative,0.7,none,hard_negative_matched,,0,,88.14305848522129,26.917246608078823,0.453125,46.66423400000349,234.0613745464515,14.97274112701416,3
SEG292524,2019-08-26,0,negative,0.7,none,hard_negative_matched,,0,,88.1213964554867,26.938680090812895,0.453125,55.81558999999834,126.86423477440604,18.12422561645508,3
SEG292489,2018-07-04,0,negative,0.7,none,hard_negative_matched,,0,,88.12019142734178,26.928331844972167,0.453125,47.86596699999791,148.21576898964804,17.88069725036621,3
SEG225264,2009-07-07,0,negative,0.7,none,hard_negative_matched,,0,,89.9416434002531,26.928209915583967,0.453125,95.20745999999963,287.62619802753744,11.250007629394531,2
SEG225262,2009-08-23,0,negative,0.7,none,hard_negative_matched,,0,,89.99997729521687,26.928274966586216,0.453125,78.37264660000073,435.88501984792305,15.178855895996094,2
SEG250037,2012-08-11,0,negative,0.7,none,hard_negative_matched,,0,,88.64262475000776,27.103193500003425,0.453125,84.17734000000019,177.62060999459058,26.921205520629883,1
SEG289207,2008-07-17,0,negative,0.7,none,hard_negative_matched,,0,,88.094532911554,26.911375851857386,0.453125,69.92144390000067,220.98288498595568,15.987873077392578,3
SEG282468,2010-08-19,0,negative,0.7,none,hard_negative_matched,,0,,87.93339411326026,27.010006535361995,0.453125,96.11861499999941,178.16211351106165,13.332612991333008,3
SEG292498,2024-09-05,0,negative,0.7,none,hard_negative_matched,,0,,88.12010138064902,26.929372448648277,0.453125,56.050326000004134,162.2192117607808,19.66069984436035,3
SEG292366,2016-09-27,0,negative,0.7,none,hard_negative_matched,,0,,88.14618374744244,26.917409088249162,0.453125,84.02613800000108,237.94265468694044,24.571794509887695,3
SEG283601,2011-08-18,0,negative,0.7,none,hard_negative_matched,,0,,87.95571877398726,27.001817079735414,0.453125,42.427245999999286,179.55314688147527,20.30843162536621,3
SEG282204,2010-07-24,0,negative,0.7,none,hard_negative_matched,,0,,87.9458702824101,26.931365978270104,0.453125,29.321585600000617,199.11059779939822,20.622140884399418,3
SEG292358,2016-07-19,0,negative,0.7,none,hard_negative_matched,,0,,88.14225423065751,26.914921161214284,0.453125,121.52857800000129,258.0673565111641,19.909704208374023,3
SEG281693,2019-08-03,0,negative,0.7,none,hard_negative_matched,,0,,87.98884728124716,26.85674739912405,0.453125,0.570949600001768,250.31224991269036,13.46636199951172,3
SEG292355,2014-06-04,0,negative,0.7,none,hard_negative_matched,,0,,88.13952718840804,26.914283551552494,0.453125,19.79789339999843,114.49037150490201,17.277591705322266,3
SEG283751,2009-08-24,0,negative,0.7,none,hard_negative_matched,,0,,87.94355715319627,27.018615998490805,0.453125,31.109050500001104,239.795575544487,21.55980110168457,3
SEG304109,2016-10-10,0,negative,0.7,none,hard_negative_matched,,0,,87.30532553183313,27.22781989319529,0.453125,3.603494999999384,80.39115083555117,20.20635032653809,1
SEG292703,2009-08-27,0,negative,0.7,none,hard_negative_matched,,0,,88.00301779604249,26.991012741834925,0.453125,35.40953840000111,301.5806578885432,11.508827209472656,3
SEG282549,2016-09-25,0,negative,0.7,none,hard_negative_matched,,0,,87.53885198167298,26.83449620664672,0.453125,28.6404360000015,179.8482830001292,23.633441925048828,3
SEG292495,2025-09-15,0,negative,0.7,none,hard_negative_matched,,0,,88.12019416085785,26.929273212041878,0.453125,110.47538599999825,223.51764861167692,18.761863708496097,3
SEG289085,2024-10-10,0,negative,0.7,none,hard_negative_matched,,0,,88.1081478189788,26.906114030057292,0.453125,19.576265000003332,153.8965745349769,18.42424201965332,3
SEG282120,2014-09-05,0,negative,0.7,none,hard_negative_matched,,0,,87.9492460779702,26.92130843365511,0.453125,16.565996680001263,126.17028018575934,8.814291000366211,3
SEG292391,2007-08-20,0,negative,0.7,none,hard_negative_matched,,0,,88.11208450832113,26.922580095531895,0.4444444444444444,45.29147430000012,189.66425518512406,19.877092361450195,3
SEG292401,2021-08-22,0,negative,0.7,none,hard_negative_matched,,0,,88.14210823182292,26.92216669081261,0.4444444444444444,52.22120700000232,270.03226992329024,12.14818286895752,3
SEG284198,2007-09-03,0,negative,0.7,none,hard_negative_matched,,0,,87.94104169166165,27.20251784480651,0.4444444444444444,29.005798799998956,134.34811712383663,29.903343200683594,3
SEG292316,2019-07-16,0,negative,0.7,none,hard_negative_matched,,0,,88.27417518846829,27.131743674357303,0.4444444444444444,160.80089000000225,291.59346686324756,25.549875259399418,0
SEG292487,2011-09-07,0,negative,0.7,none,hard_negative_matched,,0,,88.11504898676652,26.928329136991973,0.4444444444444444,62.43627000000015,156.98488880264793,19.264625549316406,3
SEG300210,2015-08-28,0,negative,0.7,none,hard_negative_matched,,0,,87.52637150693097,26.849354145221923,0.4444444444444444,129.50308099999893,249.47631660819036,21.36297035217285,3
SEG282050,2009-08-22,0,negative,0.7,none,hard_negative_matched,,0,,87.93408619736404,26.922852914616406,0.4444444444444444,120.54689400000098,297.2004575219685,28.872821807861328,3
SEG292468,2015-09-24,0,negative,0.7,none,hard_negative_matched,,0,,88.107999297504,26.92750773675664,0.4444444444444444,55.167084999997314,160.9439151644477,14.1793794631958,3
SEG281712,2011-07-03,0,negative,0.7,none,hard_negative_matched,,0,,87.97976632448604,26.875412024005055,0.4444444444444444,78.88568400000077,167.9426478313227,18.24337387084961,3
SEG292542,2021-08-26,0,negative,0.7,none,hard_negative_matched,,0,,88.0988146143321,26.926162611534288,0.4444444444444444,82.6627709999957,260.34692513934016,13.91220760345459,3
SEG292338,2010-08-24,0,negative,0.7,none,hard_negative_matched,,0,,88.10489231059316,26.911329806809892,0.38666666666666666,59.631264999999985,216.53655236209306,11.15307903289795,3
SEG306820,2021-09-10,0,negative,0.7,none,hard_negative_matched,,0,,87.55421743822735,27.208060793313432,0.38666666666666666,30.099426000000676,148.39578850076478,15.930418014526367,2
SEG292504,2023-08-19,0,negative,0.7,none,hard_negative_matched,,0,,88.11611933847364,26.930025997063897,0.38666666666666666,42.72985599999811,254.09564090585909,23.065231323242188,3
SEG289103,2013-07-17,0,negative,0.7,none,hard_negative_matched,,0,,88.14121671814377,26.901767767070982,0.38666666666666666,12.948380999998335,201.65738577004623,23.747730255126953,3
SEG292754,2011-08-09,0,negative,0.7,none,hard_negative_matched,,0,,88.1197151911585,26.946999269742907,0.38666666666666666,62.278473000000304,204.93670456115908,14.8236665725708,3
SEG292384,2009-08-26,0,negative,0.7,none,hard_negative_matched,,0,,88.14062341856835,26.919622045941942,0.38666666666666666,22.187650400001075,291.81145131228703,12.09126091003418,3
SEG288517,2025-08-28,0,negative,0.7,none,hard_negative_matched,,0,,88.12524813387886,26.82780667324285,0.38666666666666666,65.26338699999906,212.51668081946508,16.80499839782715,3
SEG288908,2020-08-03,0,negative,0.7,none,hard_negative_matched,,0,,87.99848218209053,26.867883733820012,0.38666666666666666,73.5712480000002,266.6022534452986,25.18817710876465,3
SEG303067,2024-07-02,0,negative,0.7,none,hard_negative_matched,,0,,87.20980401375856,27.384876415162054,0.38666666666666666,0.0,135.17583796275295,15.428311347961426,2
SEG283599,2016-07-22,0,negative,0.7,none,hard_negative_matched,,0,,87.95278371771893,27.000408654647043,0.38666666666666666,186.8371380000026,234.03916456299677,18.97282600402832,3
SEG305390,2009-10-15,0,negative,0.7,none,hard_negative_matched,,0,,87.30518415443173,27.560894697128436,0.38666666666666666,0.0,85.69020329054828,25.140283584594727,0
SEG292347,2023-10-08,0,negative,0.7,none,hard_negative_matched,,0,,88.14689944296677,26.91323076755673,0.38666666666666666,3.2116392699972494,89.49613902530874,13.43628215789795,3
SEG283625,2025-09-05,0,negative,0.7,none,hard_negative_matched,,0,,87.94679157750836,27.018688652297914,0.38666666666666666,31.076623000000836,104.35342466980062,20.290536880493164,3
SEG282276,2007-10-04,0,negative,0.7,none,hard_negative_matched,,0,,87.84279381802789,26.938298644822765,0.38666666666666666,5.514364700000442,61.461727876824646,15.93922519683838,3
SEG288519,2012-08-02,0,negative,0.7,none,hard_negative_matched,,0,,88.1353587038211,26.829678096488024,0.38666666666666666,36.54644620000181,209.96277900841827,21.785663604736328,3
SEG281732,2009-09-04,0,negative,0.7,none,hard_negative_matched,,0,,87.96093872570053,26.8824329779693,0.38666666666666666,44.192796800001815,175.578389491215,22.399080276489254,3
SEG292454,2013-08-18,0,negative,0.7,none,hard_negative_matched,,0,,88.1107366895037,26.9263303198419,0.38666666666666666,138.15190500000244,259.61279297489983,19.387895584106445,3
SEG292559,2025-09-05,0,negative,0.7,none,hard_negative_matched,,0,,88.09675642660784,26.92866492596007,0.38666666666666666,31.024624999998196,132.43699674629818,16.430213928222656,3
SEG282088,2011-08-20,0,negative,0.7,none,hard_negative_matched,,0,,87.94978008136785,26.901894735882745,0.38666666666666666,0.0,151.38889236705901,9.664122581481934,3
SEG282799,2021-07-03,0,negative,0.7,none,hard_negative_matched,,0,,87.5462344042058,26.851165222886475,0.38666666666666666,71.36744440000257,173.6509741262168,22.571922302246097,3
SEG307163,2017-10-06,0,negative,0.7,none,hard_negative_matched,,0,,87.75141498062914,27.3698342059285,0.38666666666666666,0.0,58.62392766206074,19.37523078918457,1
SEG289116,2022-07-22,0,negative,0.7,none,hard_negative_matched,,0,,88.1396163145098,26.902475447060013,0.38666666666666666,65.54099799999676,124.41884589945619,15.926485061645508,3
SEG292489,2018-09-12,0,negative,0.7,none,hard_negative_matched,,0,,88.12019142734178,26.928331844972167,0.38666666666666666,56.54708700000265,157.69640499083073,17.88069725036621,3
SEG292466,2007-07-16,0,negative,0.7,none,hard_negative_matched,,0,,88.11980230529132,26.926498172287197,0.38666666666666666,81.61716799999977,230.7449142258292,19.03210067749023,3
SEG292336,2019-09-26,0,negative,0.7,none,hard_negative_matched,,0,,88.1051041431411,26.9077255845877,0.38666666666666666,18.018291000000318,135.60814014493434,20.03116226196289,3
SEG238335,2017-07-09,0,negative,0.7,none,hard_negative_matched,,0,,88.87020029333173,27.030712229927857,0.38666666666666666,45.49026000000231,140.7650618170147,18.450376510620117,0
SEG289854,2022-08-21,0,negative,0.7,none,hard_negative_matched,,0,,88.16489923175278,26.868399557213113,0.38666666666666666,87.12012200000026,189.0514359909607,28.341236114501953,3
SEG282447,2009-09-09,0,negative,0.7,none,hard_negative_matched,,0,,87.94720604966814,26.990098774658293,0.38666666666666666,65.22424199999841,164.46428575713048,21.49579620361328,3
SEG282438,2025-07-18,0,negative,0.7,none,hard_negative_matched,,0,,87.99035735562879,26.989594888825742,0.38666666666666666,27.835142000003543,113.369829738447,13.835092544555664,3
SEG292507,2021-08-05,0,negative,0.7,none,hard_negative_matched,,0,,88.11584204427041,26.930547430603458,0.38666666666666666,17.156237499999406,200.8016078219796,23.153669357299805,3
SEG283751,2024-09-28,0,negative,0.7,none,hard_negative_matched,,0,,87.94355715319627,27.018615998490805,0.38666666666666666,109.78583860000072,184.75359847658046,21.55980110168457,3
SEG229147,2012-09-23,0,negative,0.7,none,hard_negative_matched,,0,,89.65100355303298,27.457041648218738,0.38666666666666666,97.57523200000014,113.72225796844073,13.075249671936035,4
SEG282472,2023-07-21,0,negative,0.7,none,hard_negative_matched,,0,,87.94381624618651,27.01508431550232,0.38666666666666666,17.16674680000142,192.71714384761856,16.751441955566406,3
SEG302287,2016-08-10,0,negative,0.7,none,hard_negative_matched,,0,,87.2106413825686,26.915076967537495,0.38666666666666666,52.32255050000094,178.85058475597802,19.063129425048828,1
SEG283769,2020-07-08,0,negative,0.7,none,hard_negative_matched,,0,,87.92328957036423,27.033817121365804,0.38666666666666666,0.0,95.79061588193748,11.890093803405762,3
SEG283940,2009-07-14,0,negative,0.7,none,hard_negative_matched,,0,,87.97935660759448,27.10216862902667,0.38666666666666666,35.361793000000034,153.1295287370752,18.287668228149418,3
SEG292336,2012-08-20,0,negative,0.7,none,hard_negative_matched,,0,,88.1051041431411,26.9077255845877,0.38666666666666666,57.35428499999762,154.316758987701,20.03116226196289,3
SEG238616,2019-09-05,0,negative,0.7,none,hard_negative_matched,,0,,88.9035331417768,27.106983836572528,0.38666666666666666,27.800869200000307,136.31937420510167,21.652347564697266,0
SEG289207,2010-09-26,0,negative,0.7,none,hard_negative_matched,,0,,88.094532911554,26.911375851857386,0.38666666666666666,30.14218500000061,104.41195233979757,15.987873077392578,3
SEG283656,2025-10-02,0,negative,0.7,none,hard_negative_matched,,0,,87.95408007137495,27.038749545880215,0.38666666666666666,35.26561699999729,100.07070499512709,24.229570388793945,3
SEG247787,2023-08-23,0,negative,0.7,none,hard_negative_matched,,0,,88.527941152918,26.936442856669196,0.38666666666666666,80.0259950000036,257.1854273865548,21.136564254760746,2
SEG292474,2022-09-02,0,negative,0.7,none,hard_negative_matched,,0,,88.11689213190935,26.928246676609508,0.38666666666666666,185.94891199999984,369.15239707449604,24.701845169067383,3
SEG282281,2010-08-10,0,negative,0.7,none,hard_negative_matched,,0,,87.84002293162887,26.941994541474603,0.38666666666666666,36.7506730999994,137.60726578723154,12.196229934692385,3
SEG283915,2008-08-26,0,negative,0.7,none,hard_negative_matched,,0,,87.92994010012472,27.091289593667042,0.38666666666666666,67.1155273000004,160.33339114089972,19.928380966186523,3
SEG289681,2009-07-10,0,negative,0.7,none,hard_negative_matched,,0,,88.17664277336023,26.81261091889481,0.38666666666666666,18.50112199999967,230.36618769497815,22.93142318725586,3
SEG292375,2011-08-19,0,negative,0.7,none,hard_negative_matched,,0,,88.14555777127481,26.918099219231152,0.38666666666666666,45.996875400000135,231.65411007861928,17.953886032104492,3
SEG282456,2018-08-25,0,negative,0.7,none,hard_negative_matched,,0,,87.97887220709998,26.993521401645,0.38666666666666666,26.206629000000248,143.63287798409183,20.999008178710938,3
SEG292332,2017-08-04,0,negative,0.7,none,hard_negative_matched,,0,,88.1362656184761,26.91100070283089,0.38666666666666666,124.5258909999975,278.2495414269616,13.352743148803713,3
SEG292733,2019-09-15,0,negative,0.7,none,hard_negative_matched,,0,,88.12475796627204,26.938887864751496,0.38666666666666666,2.1370673999990686,150.78758247283932,19.179370880126953,3
SEG288739,2018-07-16,0,negative,0.7,none,hard_negative_matched,,0,,88.16330943134898,26.84323123868482,0.38666666666666666,40.45697199999995,162.33645236266312,30.288604736328125,3
SEG292349,2020-07-22,0,negative,0.7,none,hard_negative_matched,,0,,88.13833255694045,26.913073392651665,0.38666666666666666,183.38965100000496,324.63395593756985,16.642549514770508,3
SEG292475,2019-08-06,0,negative,0.7,none,hard_negative_matched,,0,,88.1133849672108,26.928325693237962,0.38666666666666666,32.90561939999316,236.13843454069976,23.44528007507324,3
SEG292349,2019-08-27,0,negative,0.7,none,hard_negative_matched,,0,,88.13833255694045,26.913073392651665,0.38666666666666666,0.0,115.38092734278541,16.642549514770508,3
SEG292467,2020-09-24,0,negative,0.7,none,hard_negative_matched,,0,,88.11050279541497,26.927017406707225,0.38666666666666666,24.94349659999716,130.25836455232428,17.52857208251953,3
SEG289110,2015-09-03,0,negative,0.7,none,hard_negative_matched,,0,,88.13203750162837,26.906162435734537,0.38666666666666666,31.92053400000077,267.8966560185433,9.456029891967772,3
SEG294205,2008-07-20,0,negative,0.7,none,hard_negative_matched,,0,,88.36269130426788,27.310367294743802,0.38666666666666666,62.946773000000576,133.44536789188842,19.49460792541504,0
SEG282451,2013-10-10,0,negative,0.7,none,hard_negative_matched,,0,,87.95214940227778,26.996715125392477,0.38666666666666666,0.0,72.62146216572442,38.37837600708008,3
SEG292367,2007-07-18,0,negative,0.7,none,hard_negative_matched,,0,,88.14011659210101,26.917980271710544,0.38666666666666666,48.96478399999978,225.95041553690436,14.088964462280272,3
SEG292391,2022-06-07,0,negative,0.7,none,hard_negative_matched,,0,,88.11208450832113,26.922580095531895,0.38666666666666666,86.85583180000685,131.03108360281192,19.877092361450195,3
SEG289854,2022-09-06,0,negative,0.7,none,hard_negative_matched,,0,,88.16489923175278,26.868399557213113,0.38666666666666666,60.428736999994726,323.45326713786307,28.341236114501953,3
SEG292333,2025-08-28,0,negative,0.7,none,hard_negative_matched,,0,,88.13446234669809,26.910824102185998,0.38666666666666666,65.26338699999906,212.51668081946508,13.233879089355469,3
SEG307020,2010-09-04,0,negative,0.7,none,hard_negative_matched,,0,,87.83915433571788,27.273169632533897,0.38666666666666666,35.09053500000118,156.97237614226202,18.103883743286133,1
SEG289213,2019-07-24,0,negative,0.7,none,hard_negative_matched,,0,,88.10159063492966,26.91674187366609,0.38666666666666666,221.9263100000062,521.4470583673492,22.71935653686523,3
SEG289673,2014-09-11,0,negative,0.7,none,hard_negative_matched,,0,,88.17014354229131,26.818905187415925,0.38666666666666666,95.4301059999998,211.16959283043758,27.688692092895508,3
SEG289210,2010-08-22,0,negative,0.7,none,hard_negative_matched,,0,,88.1030068727499,26.91218120786715,0.38666666666666666,24.481924870000512,201.38140153476414,18.58112144470215,3
SEG288517,2025-09-25,0,negative,0.7,none,hard_negative_matched,,0,,88.12524813387886,26.82780667324285,0.38666666666666666,14.397923600001377,147.0799383593504,16.80499839782715,3
SEG281713,2015-09-18,0,negative,0.7,none,hard_negative_matched,,0,,87.98323287194358,26.876541790646844,0.38666666666666666,0.8707481599994935,154.74646229187826,18.613250732421875,3
SEG289677,2008-08-25,0,negative,0.7,none,hard_negative_matched,,0,,88.18489850051226,26.80895502319402,0.38666666666666666,62.63167000000067,222.33767832252008,7.2971415519714355,3
SEG225260,2024-07-17,0,negative,0.7,none,hard_negative_matched,,0,,89.94045351747275,26.927911616002643,0.38666666666666666,33.886898999997356,180.36666855923758,17.43075942993164,2
SEG282325,2008-07-23,0,negative,0.7,none,hard_negative_matched,,0,,87.84747302543778,26.945131224434704,0.38666666666666666,73.06726405000063,180.32089886068297,12.931559562683104,3
SEG292353,2018-07-01,0,negative,0.7,none,hard_negative_matched,,0,,88.13885966996658,26.914166791554216,0.38666666666666666,19.593530199999805,131.6939334994864,11.537220001220703,3
SEG292540,2024-08-19,0,negative,0.7,none,hard_negative_matched,,0,,88.0978316230642,26.924107994711804,0.38666666666666666,10.174705500001437,131.69489051307312,15.369503021240234,3
SEG308728,2023-10-03,0,negative,0.7,none,hard_negative_matched,,0,,88.27512400690361,27.30869015377405,0.38666666666666666,69.86658669999815,78.68042386257855,30.69864273071289,0
SEG289220,2013-07-24,0,negative,0.7,none,hard_negative_matched,,0,,88.11178798602607,26.916380470235744,0.38666666666666666,30.083886000000348,172.92481135613804,18.18930435180664,3
SEG289176,2023-08-09,0,negative,0.7,none,hard_negative_matched,,0,,88.07148873768557,26.896650222030818,0.38666666666666666,89.97120149999682,235.8900958039702,15.50847625732422,3
SEG292493,2007-08-28,0,negative,0.7,none,hard_negative_matched,,0,,88.11990562398792,26.92872345196159,0.38666666666666666,62.195629000000736,165.67743051808563,17.072711944580078,3
SEG292540,2010-08-28,0,negative,0.7,none,hard_negative_matched,,0,,88.0978316230642,26.924107994711804,0.38666666666666666,90.81908699999985,231.84959159380523,15.369503021240234,3
SEG283907,2014-09-14,0,negative,0.7,none,hard_negative_matched,,0,,87.94451225919755,27.08579274013631,0.38666666666666666,31.974711999999272,150.79897842508484,18.15314483642578,3
SEG281746,2009-08-06,0,negative,0.7,none,hard_negative_matched,,0,,87.9794912824868,26.87818542716997,0.38666666666666666,153.05409899999904,323.2711065542579,14.75570011138916,3
SEG292545,2013-08-22,0,negative,0.7,none,hard_negative_matched,,0,,88.09564671368632,26.927754187726183,0.38666666666666666,46.66423400000349,234.0613745464515,13.776607513427734,3
SEG283665,2020-09-03,0,negative,0.7,none,hard_negative_matched,,0,,87.9389576476701,27.06502374792895,0.38666666666666666,101.8741200000004,154.4563718273692,24.55980682373047,3
SEG238436,2023-07-12,0,negative,0.7,none,hard_negative_matched,,0,,88.87466500918936,27.059260903898195,0.38666666666666666,78.58542599999782,143.0825084091599,15.311964988708496,0
SEG283670,2014-08-24,0,negative,0.7,none,hard_negative_matched,,0,,87.98319351494264,27.043510278552468,0.38666666666666666,17.019272000001365,163.55483458722836,33.64672088623047,3
SEG250153,2017-07-24,0,negative,0.7,none,hard_negative_matched,,0,,88.56050584614485,27.154243125752554,0.38666666666666666,67.0705710000002,223.1930842466303,26.588600158691406,1
SEG292335,2021-08-25,0,negative,0.7,none,hard_negative_matched,,0,,88.12357982952727,26.915610315652202,0.38666666666666666,73.94859169999836,275.38971007681,23.207664489746097,3
SEG292635,2020-09-18,0,negative,0.7,none,hard_negative_matched,,0,,88.01106503630136,26.939189487792966,0.38666666666666666,60.42671499999415,172.71287478465248,14.986510276794434,3
SEG292487,2009-10-12,0,negative,0.7,none,hard_negative_matched,,0,,88.11504898676652,26.928329136991973,0.38666666666666666,0.0,140.56374527830445,19.264625549316406,3
SEG281950,2022-10-16,0,negative,0.7,none,hard_negative_matched,,0,,87.83782402954589,26.931124066055435,0.38666666666666666,0.0,84.50946558612854,15.378936767578123,3
SEG282447,2012-08-21,0,negative,0.7,none,hard_negative_matched,,0,,87.94720604966814,26.990098774658293,0.38666666666666666,53.65113949999977,159.41937990071867,21.49579620361328,3
SEG238436,2009-07-12,0,negative,0.7,none,hard_negative_matched,,0,,88.87466500918936,27.059260903898195,0.38666666666666666,17.225852999999915,189.70525209932285,15.311964988708496,0
SEG281956,2013-07-05,0,negative,0.7,none,hard_negative_matched,,0,,87.81919980225896,26.929567105101903,0.38666666666666666,70.52816999999959,155.17499113688964,16.25844955444336,3
SEG281951,2025-09-22,0,negative,0.7,none,hard_negative_matched,,0,,87.83246755636678,26.93236380125453,0.38666666666666666,31.614311699995596,132.91313365444216,16.197059631347656,3
SEG292505,2024-06-06,0,negative,0.7,none,hard_negative_matched,,0,,88.11567380319494,26.930170422781597,0.38666666666666666,17.625370399997337,90.144595105485,23.138383865356445,3
SEG250037,2020-07-13,0,negative,0.7,none,hard_negative_matched,,0,,88.64262475000776,27.103193500003425,0.38666666666666666,63.63534930000242,190.56487200937408,26.921205520629883,1
SEG292498,2017-09-02,0,negative,0.7,none,hard_negative_matched,,0,,88.12010138064902,26.929372448648277,0.38666666666666666,127.1249370000005,323.5055948846887,19.66069984436035,3
SEG292451,2019-09-20,0,negative,0.7,none,hard_negative_matched,,0,,88.11116046069294,26.925783729097475,0.38666666666666666,3.7228023999996367,145.00553097777473,21.34908866882324,3
SEG307225,2023-07-21,0,negative,0.7,none,hard_negative_matched,,0,,87.89143457001327,27.41397499456786,0.38666666666666666,11.076546000000235,162.84250868111266,26.199499130249023,1
SEG292406,2019-07-18,0,negative,0.7,none,hard_negative_matched,,0,,88.13617860547299,26.917444520629957,0.38666666666666666,86.17872429999989,361.72140796933263,12.438666343688965,3
SEG289673,2022-06-11,0,negative,0.7,none,hard_negative_matched,,0,,88.17014354229131,26.818905187415925,0.38666666666666666,86.22519300000567,179.0211605795699,27.688692092895508,3
SEG292733,2015-07-15,0,negative,0.7,none,hard_negative_matched,,0,,88.12475796627204,26.938887864751496,0.38666666666666666,65.88883400000122,222.39269231916592,19.179370880126953,3
SEG289160,2019-07-21,0,negative,0.7,none,hard_negative_matched,,0,,88.10070028575474,26.901189153492197,0.38666666666666666,137.87166299999808,403.6237299196351,12.976605415344238,3
SEG288766,2007-09-20,0,negative,0.7,none,hard_negative_matched,,0,,88.16277247844938,26.858407267983953,0.38666666666666666,33.80720370000017,226.879099619834,25.254459381103516,3
SEG225131,2012-07-17,0,negative,0.7,none,hard_negative_matched,,0,,89.96814034468582,26.823676229053813,0.38666666666666666,193.76271700000143,376.4523076760959,24.664093017578125,2
SEG292395,2013-09-04,0,negative,0.7,none,hard_negative_matched,,0,,88.11408497421834,26.92298734241748,0.38666666666666666,60.63524515999961,207.375728974252,16.620119094848633,3
SEG283750,2007-09-21,0,negative,0.7,none,hard_negative_matched,,0,,87.9352346981355,27.01743874239328,0.38666666666666666,0.0,138.30291763403875,18.82722282409668,3
SEG283938,2018-09-03,0,negative,0.7,none,hard_negative_matched,,0,,87.98250606169151,27.08063994972787,0.38666666666666666,101.52163999999902,164.18861267879953,29.04084587097168,3
SEG292371,2010-07-28,0,negative,0.7,none,hard_negative_matched,,0,,88.14622293635045,26.918046468383704,0.38666666666666666,42.6998480000002,209.28217652517856,24.725358963012695,3
SEG238439,2016-09-22,0,negative,0.7,none,hard_negative_matched,,0,,88.87854712084903,27.062756440596793,0.38666666666666666,50.02799500000401,129.5893938548288,8.325791358947754,0
SEG289093,2018-09-07,0,negative,0.7,none,hard_negative_matched,,0,,88.13813783299622,26.899800851078183,0.38666666666666666,20.187619799999084,176.93611975004748,17.018814086914062,3
SEG288743,2016-07-23,0,negative,0.7,none,hard_negative_matched,,0,,88.15663100366667,26.85325703930649,0.38666666666666666,174.68657299999904,394.0185410349616,28.27639389038086,3
SEG282104,2020-08-02,0,negative,0.7,none,hard_negative_matched,,0,,87.97125269412481,26.913009108594395,0.38666666666666666,39.9619649999986,253.25322874488973,15.04556655883789,3
SEG282466,2017-09-24,0,negative,0.7,none,hard_negative_matched,,0,,87.9457676927051,27.008896949693803,0.38666666666666666,25.745164699997986,94.51427680965493,19.86034393310547,3
SEG292448,2016-06-08,0,negative,0.7,none,hard_negative_matched,,0,,88.11099730081966,26.925533664593452,0.38666666666666666,67.41290700000172,97.94143428695048,22.53162956237793,3
SEG282449,2025-09-26,0,negative,0.7,none,hard_negative_matched,,0,,87.96205885555834,26.99484896786653,0.38666666666666666,17.229498000000603,118.05183962630106,14.732972145080566,3
SEG289140,2022-06-20,0,negative,0.7,none,hard_negative_matched,,0,,88.07179703044726,26.892801205839906,0.38666666666666666,111.53128899999865,300.1521917466409,11.394478797912598,3
SEG284234,2017-09-05,0,negative,0.7,none,hard_negative_matched,,0,,87.89008581585583,27.167376391270214,0.38666666666666666,5.198127299998305,155.46382512883633,24.889076232910156,3
SEG282147,2011-10-10,0,negative,0.7,none,hard_negative_matched,,0,,87.94728809998777,26.929581500001934,0.38666666666666666,2.098572499999136,52.30619899005639,5.981814861297607,3
SEG282199,2018-07-05,0,negative,0.7,none,hard_negative_matched,,0,,87.92492399049792,26.932126165222144,0.38666666666666666,105.84598200000255,195.61933971167315,19.21662139892578,3
SEG229043,2015-06-12,0,negative,0.7,none,hard_negative_matched,,0,,89.64784673897223,27.450893004616464,0.38666666666666666,44.80554699999993,102.91920328421604,18.075345993041992,4
SEG292362,2009-08-08,0,negative,0.7,none,hard_negative_matched,,0,,88.14405720975087,26.917159833426776,0.38666666666666666,106.14941199999885,380.56500977024683,21.910070419311523,3
SEG247818,2014-09-22,0,negative,0.7,none,hard_negative_matched,,0,,88.54684823006016,26.944161165210687,0.38666666666666666,67.38984159999745,169.3495628255546,28.044330596923828,2
SEG289002,2009-08-16,0,negative,0.7,none,hard_negative_matched,,0,,88.08505848079696,26.88331484155881,0.38666666666666666,82.80591400000048,346.48688556716843,16.13140869140625,3
SEG289124,2025-09-07,0,negative,0.7,none,hard_negative_matched,,0,,88.13920493967562,26.911870926197032,0.38666666666666666,19.566862700005004,125.81234775418118,17.84611701965332,3
SEG238502,2019-07-27,0,negative,0.7,none,hard_negative_matched,,0,,88.8990357497103,27.10411419423513,0.38666666666666666,64.45837400000164,265.34088725667755,15.101134300231934,0
SEG292406,2021-07-21,0,negative,0.7,none,hard_negative_matched,,0,,88.13617860547299,26.917444520629957,0.38666666666666666,22.307904599998437,130.54011833735805,12.438666343688965,3
SEG250153,2015-09-04,0,negative,0.7,none,hard_negative_matched,,0,,88.56050584614485,27.154243125752554,0.38666666666666666,56.783024000000296,231.5146252982363,26.588600158691406,1
SEG238408,2020-07-10,0,negative,0.7,none,hard_negative_matched,,0,,88.87449827339191,27.042520473283332,0.38666666666666666,28.40181400000074,133.64115811645036,11.669266700744627,0
SEG289677,2011-10-10,0,negative,0.7,none,hard_negative_matched,,0,,88.18489850051226,26.80895502319402,0.38666666666666666,0.7560926000005566,60.03047340438494,7.2971415519714355,3
SEG281692,2020-08-12,0,negative,0.7,none,hard_negative_matched,,0,,87.99153301450616,26.85631163287618,0.38666666666666666,10.413240199999564,210.56975891977046,15.310239791870115,3
SEG225398,2019-06-28,0,negative,0.7,none,hard_negative_matched,,0,,89.98947471748913,26.968409815617857,0.38666666666666666,125.2850013999996,217.7802189885667,20.643781661987305,2
SEG282141,2020-07-24,0,negative,0.7,none,hard_negative_matched,,0,,87.96845697955534,26.93488546512003,0.38666666666666666,115.22915869999997,272.5534940951639,22.68397521972656,3
SEG282101,2014-07-25,0,negative,0.7,none,hard_negative_matched,,0,,87.96871254106492,26.912047678211792,0.38666666666666666,114.85284799999863,239.87167821716906,16.553804397583008,3
SEG292540,2017-08-05,0,negative,0.7,none,hard_negative_matched,,0,,88.0978316230642,26.924107994711804,0.38666666666666666,125.57667600000059,281.5493201128047,15.369503021240234,3
SEG282210,2017-07-16,0,negative,0.7,none,hard_negative_matched,,0,,87.92949856642733,26.940997998442057,0.38666666666666666,57.31444499999998,189.0772645589333,24.212905883789062,3
SEG229035,2017-09-03,0,negative,0.7,none,hard_negative_matched,,0,,89.66123598321246,27.450316402050152,0.38666666666666666,23.65769250000085,77.322118729557,18.94293785095215,4
SEG289220,2012-10-11,0,negative,0.7,none,hard_negative_matched,,0,,88.11178798602607,26.916380470235744,0.38666666666666666,8.140724000000773,67.76047837443929,18.18930435180664,3
SEG284230,2012-09-23,0,negative,0.7,none,hard_negative_matched,,0,,87.8958882001781,27.15293214160087,0.38666666666666666,63.437856999998985,132.30814726916037,28.39229202270508,3
SEG283939,2012-07-13,0,negative,0.7,none,hard_negative_matched,,0,,87.9798879508115,27.087123064008374,0.38666666666666666,29.02837499999987,111.38027497140652,19.145334243774418,3
SEG307228,2016-09-04,0,negative,0.7,none,hard_negative_matched,,0,,87.88282246590286,27.41899421418833,0.38666666666666666,54.95610400000078,140.87567873049576,32.627689361572266,1
SEG292451,2015-07-04,0,negative,0.7,none,hard_negative_matched,,0,,88.11116046069294,26.925783729097475,0.38666666666666666,80.22872699999789,249.22616899366898,21.34908866882324,3
SEG292542,2022-07-20,0,negative,0.7,none,hard_negative_matched,,0,,88.0988146143321,26.926162611534288,0.38666666666666666,28.664443399997253,102.4420413489893,13.91220760345459,3
SEG292560,2014-06-10,0,negative,0.7,none,hard_negative_matched,,0,,88.09491992250712,26.92874872106006,0.38666666666666666,70.79427600000054,199.53806641800608,15.754301071166992,3
SEG289225,2016-09-01,0,negative,0.7,none,hard_negative_matched,,0,,88.11355355250477,26.91907867201505,0.38666666666666666,26.22936800000025,147.82242905731482,18.512123107910156,3
SEG282283,2024-10-10,0,negative,0.7,none,hard_negative_matched,,0,,87.83969594630797,26.942385766114974,0.38666666666666666,31.609339580005326,146.25597111312334,17.827598571777344,3
SEG281701,2008-09-04,0,negative,0.7,none,hard_negative_matched,,0,,87.9639344676152,26.85894501852055,0.38666666666666666,40.20164169999953,156.2614764671154,25.97127914428711,3
SEG281744,2014-07-26,0,negative,0.7,none,hard_negative_matched,,0,,87.97059373397073,26.87710963647344,0.38666666666666666,115.90911999999662,224.12290765979554,18.378463745117188,3
SEG288995,2016-09-17,0,negative,0.7,none,hard_negative_matched,,0,,88.08364234489933,26.88023788494713,0.38666666666666666,112.84948140000051,193.62076539012185,15.2515869140625,3
SEG283749,2017-07-02,0,negative,0.7,none,hard_negative_matched,,0,,87.94018925898258,27.01647303311342,0.38666666666666666,18.31187399999908,103.92329827010616,17.857173919677734,3
SEG282461,2023-08-25,0,negative,0.7,none,hard_negative_matched,,0,,87.97278040112843,27.0064353455569,0.38666666666666666,93.0500802999959,248.7856584085794,22.938995361328125,3
SEG289996,2008-10-05,0,negative,0.7,none,hard_negative_matched,,0,,88.24692191410094,26.878085594729843,0.38666666666666666,55.59921299999951,119.02814242687751,12.65002155303955,3
SEG289219,2016-07-23,0,negative,0.7,none,hard_negative_matched,,0,,88.11180651487282,26.916562745788053,0.38666666666666666,174.68657299999904,394.0185410349616,15.561653137207031,3
SEG292450,2021-07-04,0,negative,0.7,none,hard_negative_matched,,0,,88.11765713519618,26.925540222611954,0.38666666666666666,32.50172420000308,179.45027685212142,17.586328506469727,3
SEG282281,2010-09-08,0,negative,0.7,none,hard_negative_matched,,0,,87.84002293162887,26.941994541474603,0.38666666666666666,23.429066000000603,109.2797018734506,12.196229934692385,3
SEG292375,2020-09-19,0,negative,0.7,none,hard_negative_matched,,0,,88.14555777127481,26.918099219231152,0.38666666666666666,40.497848999999405,165.16584080188028,17.953886032104492,3
SEG292351,2012-08-25,0,negative,0.7,none,hard_negative_matched,,0,,88.13842894066744,26.913495446094757,0.38666666666666666,26.74707599999965,177.9812750284952,14.77189826965332,3
SEG283475,2025-07-24,0,negative,0.7,none,hard_negative_matched,,0,,87.93045714481242,26.99715973260334,0.38666666666666666,17.16415599999891,188.49076411226469,12.271410942077637,3
SEG300213,2016-08-23,0,negative,0.7,none,hard_negative_matched,,0,,87.52246126280251,26.85094363330419,0.38666666666666666,64.57296000000133,156.70363046045114,25.351179122924805,3
SEG252169,2009-08-22,0,negative,0.7,none,hard_negative_matched,,0,,88.8089081630285,27.125167411249215,0.38666666666666666,107.697685000001,346.1598228278686,23.268381118774418,0
SEG282803,2007-07-17,0,negative,0.7,none,hard_negative_matched,,0,,87.54742187884992,26.87224918857015,0.38666666666666666,64.24824600000011,208.23645324433105,13.816917419433594,3
SEG281712,2014-07-11,0,negative,0.7,none,hard_negative_matched,,0,,87.97976632448604,26.875412024005055,0.38666666666666666,81.10499600000185,196.1909446682339,18.24337387084961,3
SEG225270,2017-07-22,0,negative,0.7,none,hard_negative_matched,,0,,89.92560315388867,26.93012000790056,0.38666666666666666,175.8483950000009,250.59687657963354,30.60521125793457,2
SEG249313,2011-09-05,0,negative,0.7,none,hard_negative_matched,,0,,88.64927151375178,27.1088761874212,0.38666666666666666,0.0,97.87218569060579,16.12496566772461,1
SEG238768,2012-04-16,0,negative,0.7,none,hard_negative_matched,,0,,88.87253275924671,27.177110413971935,0.38666666666666666,23.550783600001523,80.17334076037707,31.39429473876953,0
SEG282803,2025-08-26,0,negative,0.7,none,hard_negative_matched,,0,,87.54742187884992,26.87224918857015,0.38666666666666666,14.980763999999908,153.8432132490509,13.816917419433594,3
SEG238412,2020-07-04,0,negative,0.7,none,hard_negative_matched,,0,,88.8752048566631,27.048181156850223,0.38666666666666666,71.27130399999805,144.264671114704,28.287275314331055,0
SEG292368,2017-09-07,0,negative,0.7,none,hard_negative_matched,,0,,88.1429157455726,26.91789742052727,0.38666666666666666,0.29099001999929897,210.7990908460759,18.29513168334961,3
SEG284188,2009-07-09,0,negative,0.7,none,hard_negative_matched,,0,,87.79452084006124,27.249538026967787,0.38666666666666666,50.17777130000013,186.26608276312288,28.084367752075195,3
SEG289206,2011-09-25,0,negative,0.7,none,hard_negative_matched,,0,,88.09887567691064,26.911159946224885,0.38666666666666666,3.701104799998575,124.21080819858979,21.022764205932617,3
SEG281693,2014-07-15,0,negative,0.7,none,hard_negative_matched,,0,,87.98884728124716,26.85674739912405,0.38666666666666666,77.21639190000133,242.113815812881,13.46636199951172,3
SEG284239,2016-10-13,0,negative,0.7,none,hard_negative_matched,,0,,87.89766319243104,27.184709603607875,0.38666666666666666,0.0,97.77214820791468,18.41611671447754,3
SEG282176,2008-08-21,0,negative,0.7,none,hard_negative_matched,,0,,87.9376636964794,26.9265330632343,0.38666666666666666,59.37879200000043,164.8883010775125,18.1377010345459,3
SEG238452,2013-07-09,0,negative,0.7,none,hard_negative_matched,,0,,88.87888381598248,27.063716878212684,0.38666666666666666,51.854334599998765,132.77490134139484,11.839795112609863,0
SEG283914,2019-09-25,0,negative,0.7,none,hard_negative_matched,,0,,87.93064490589154,27.090669163008297,0.38666666666666666,0.0,105.1857997442749,15.427705764770508,3
SEG292336,2014-06-06,0,negative,0.7,none,hard_negative_matched,,0,,88.1051041431411,26.9077255845877,0.38666666666666666,76.49770200000057,156.45001576174906,20.03116226196289,3
SEG282448,2023-07-21,0,negative,0.7,none,hard_negative_matched,,0,,87.9492159689114,26.99453032967109,0.38666666666666666,2.658867799997097,193.94086546105393,23.23033142089844,3
SEG292755,2024-09-16,0,negative,0.7,none,hard_negative_matched,,0,,88.11713340804913,26.948016377867066,0.38666666666666666,50.13183500000014,111.5708472472685,15.603934288024902,3
SEG292376,2024-06-12,0,negative,0.7,none,hard_negative_matched,,0,,88.14555777127481,26.918099219231152,0.38666666666666666,46.70533599999908,114.11292513131167,17.953886032104492,3
SEG292421,2012-09-23,0,negative,0.7,none,hard_negative_matched,,0,,88.11355522066343,26.923356430960983,0.38666666666666666,76.61284100000194,168.80163265701572,18.96737289428711,3
SEG283914,2016-08-24,0,negative,0.7,none,hard_negative_matched,,0,,87.93064490589154,27.090669163008297,0.38666666666666666,78.03232600000047,174.73126583231144,15.427705764770508,3
SEG225276,2009-06-16,0,negative,0.7,none,hard_negative_matched,,0,,89.94977719140141,26.93041469434626,0.38666666666666666,149.47279699999854,228.55120301738174,13.871296882629396,2
SEG282204,2017-07-04,0,negative,0.7,none,hard_negative_matched,,0,,87.9458702824101,26.931365978270104,0.38666666666666666,33.04353999999876,112.02196607490094,20.622140884399418,3
SEG283446,2014-07-21,0,negative,0.7,none,hard_negative_matched,,0,,87.94421015506897,26.991168139223394,0.38666666666666666,38.90920900000128,196.0882841029098,21.97306251525879,3
SEG282470,2017-09-06,0,negative,0.7,none,hard_negative_matched,,0,,87.93732029301107,27.014132338534832,0.38666666666666666,0.0,141.38961583930242,24.341991424560547,3
SEG283468,2008-06-22,0,negative,0.7,none,hard_negative_matched,,0,,87.93989491557441,26.993876934318294,0.38666666666666666,84.52905399999963,178.53688348519216,11.601083755493164,3
SEG292509,2008-09-03,0,negative,0.7,none,hard_negative_matched,,0,,88.11423066657419,26.93061128483775,0.35106382978723405,48.963268999999855,206.21861217785712,19.720090866088867,3
SEG292394,2021-07-28,0,negative,0.7,none,hard_negative_matched,,0,,88.11295848882556,26.922961159995086,0.35106382978723405,153.92393000000448,241.1498597199872,19.86927604675293,3
SEG292386,2024-06-12,0,negative,0.7,none,hard_negative_matched,,0,,88.12010291336043,26.919208522654156,0.35106382978723405,46.70533599999908,114.11292513131167,20.194398880004883,3
SEG229097,2014-09-05,0,negative,0.7,none,hard_negative_matched,,0,,89.6533194038412,27.453087598827796,0.35106382978723405,0.0,54.011916710979264,6.6762800216674805,4
SEG288512,2023-08-20,0,negative,0.7,none,hard_negative_matched,,0,,88.15666238243682,26.833147717391675,0.35106382978723405,30.290790999999444,231.52003592688797,18.084178924560547,3
SEG284301,2025-08-26,0,negative,0.7,none,hard_negative_matched,,0,,87.9205318545076,27.278401295154943,0.35106382978723405,55.12246900000173,138.59572719747592,25.737607955932617,1
SEG282199,2012-08-28,0,negative,0.7,none,hard_negative_matched,,0,,87.92492399049792,26.932126165222144,0.35106382978723405,44.97978870000043,143.51228610025956,19.21662139892578,3
