threshold,precision,recall
1e-06,0.08469079383798923,1.0
0.0001911483711544092,0.09734783671473968,0.990302126072361
0.0008250825082508251,0.09809475719546289,0.990302126072361
0.0009874105159219946,0.09852308149027757,0.990302126072361
0.001103448275862069,0.101150563852484,0.990302126072361
0.0017937219730941704,0.103184267799772,0.990302126072361
0.0019802357628700465,0.10420346167432003,0.990302126072361
0.00228310502283105,0.10478332938669192,0.990302126072361
0.0023752969121140144,0.10543384737573631,0.990302126072361
0.002680965147453083,0.10641797031688728,0.9895561357702349
0.003676470588235294,0.10728652034232337,0.9881884868830039
0.0050007576905591765,0.11397042851143324,0.9784906129553649
0.005406062078600498,0.11621881708490636,0.9760039786149447
0.0056022408963585435,0.1265422077922078,0.969165734178789
0.007039394102710666,0.12856459566888226,0.969165734178789
0.007725321888412017,0.1371417512623375,0.969165734178789
0.008205128205128205,0.13737861511076646,0.969165734178789
0.008849557522123894,0.13785282704608678,0.9673007584234738
0.009712609452379149,0.149603876624875,0.9673007584234738
0.010635068106263504,0.14975705691809346,0.9656844461022007
0.011345488808397499,0.1500231785521131,0.9656844461022007
0.012783265543288786,0.15259631819878583,0.9656844461022007
0.014957045850813134,0.16205162448093818,0.9655601143851796
0.016736401673640166,0.16272393923520168,0.9655601143851796
0.018018018018018018,0.16421890210352563,0.9648141240830536
0.019268525104478705,0.16649855134671102,0.9645654606490116
0.01991008637604925,0.16673837284343673,0.9636951386298644
0.022535211267605635,0.16691081430417923,0.9633221434788014
0.02702702702702703,0.16827815003164764,0.958597538232003
0.027318475916606758,0.16856686434558069,0.957727216212856
0.029589704277946105,0.17171172385896313,0.9500186497575531
0.030800821355236138,0.1717364892228772,0.9490239960213851
0.031746031746031744,0.1801592016157776,0.9426830784533134
0.03333138794714311,0.18066985645933015,0.9389531269426831
0.0340632603406326,0.18121031364248605,0.9367151560363048
0.035443037974683546,0.18132807047101013,0.9367151560363048
0.0379746835443038,0.18505241297468356,0.9306229019022753
0.041115156444699555,0.1862904639110733,0.9251523063533508
0.04176334106728538,0.18771288003027628,0.9250279746363297
0.043227665706051875,0.18967102574581118,0.9232873305980356
0.043478260869565216,0.190325891711573,0.9221683451448465
0.045454545454545456,0.19375294795870238,0.9193087156533631
0.04630515573028123,0.1956130126099396,0.918065398483153
0.0469924812030075,0.19566427265258526,0.9179410667661321
0.0480225988700565,0.19740329273189666,0.916822081312943
0.05,0.19799262707531684,0.9148327738406067
0.05263157894736842,0.20165016501650165,0.9116001491980604
0.05509641873278237,0.20426812280604,0.9116001491980604
0.05917434737398749,0.20547983859589716,0.9053835633470099
0.0607661822985469,0.20555022302523857,0.9052592316299888
0.06172839506172839,0.20742919141160346,0.9032699241576526
0.06349206349206349,0.2080075607870092,0.9030212607236106
0.06408026025309967,0.2091207651532611,0.9025239338555265
0.06779661016949153,0.2093029962222799,0.9023996021385056
0.07008547008547009,0.2094017094017094,0.9016536118363795
0.07272727272727272,0.21046825558103754,0.9014049484023374
0.07368421052631578,0.21187059820567522,0.9014049484023374
0.07526881720430108,0.21175224986765484,0.8951883625512869
0.07874015748031496,0.21283893669239184,0.8949396991172448
0.0821917808219178,0.21343132587479172,0.8918314061917195
0.08695652173913043,0.21331862101872837,0.8893447718512992
0.0880503144654088,0.21328492994509615,0.8838741763023747
0.09122660958302548,0.21509549274255158,0.8751709561109039
0.09302325581395349,0.21517089440347603,0.8743006340917568
0.0958904109589041,0.21436467481422342,0.8679597165236852
0.09860383944153576,0.21445805493689682,0.8619917941066766
0.10168281768870947,0.21423440866931076,0.8529155787641427
0.1030953594122851,0.21512120166828688,0.8529155787641427
0.10526315789473684,0.21492453007813725,0.8515479298769116
0.10993657505285412,0.2151133501259446,0.8494342906875544
0.1111111111111111,0.21560270253204522,0.8490612955364913
0.1134020618556701,0.21556203269547586,0.8459530026109661
0.11581807321226259,0.2164681842853038,0.8429690414024618
0.1171118718993133,0.21823966754326157,0.8357578018152431
0.11904761904761904,0.2183206106870229,0.8356334700982221
0.12187736563209692,0.21893820371825085,0.8316548551535496
0.12469481645904389,0.21997751620156064,0.8271789133407932
0.12546125461254612,0.21996627095664825,0.8270545816237722
0.1261682242990654,0.2203041648719393,0.8266815864727092
0.12790697674418605,0.22049988382514024,0.8259355961705831
0.1286549707602339,0.22142379679144386,0.8236976252642049
0.12912087912087913,0.22270923209663504,0.8023125699365908
0.12981118051436386,0.22383073496659242,0.7997016038791496
0.13313609467455623,0.2233698707138842,0.7905010568195947
0.1339110410028644,0.22348229790551796,0.7840358075345021
0.136986301369863,0.22349438162418914,0.783911475817481
0.14221218961625282,0.22329568154578142,0.7643913962451822
0.1437908496732026,0.22342401398448597,0.762775083923909
0.1480717198267816,0.22732333729216153,0.7615317667536988
0.15151515151515152,0.2279250065227925,0.7602884495834887
0.15384615384615385,0.22762148337595908,0.7524555514111649
0.15730337078651685,0.22789167686658507,0.7407683700111899
0.1581107673206616,0.22805942717108285,0.7405197065771478
0.16071428571428573,0.2300152302104893,0.732313813253761
0.16240409207161124,0.2304793971460638,0.7149073728708193
0.16433566433566432,0.2344346167186958,0.6722615939326122
0.16468988163245885,0.23420937363118705,0.6648016909113514
0.16812227074235808,0.23432140029905885,0.6624393882879522
0.16954022988505746,0.23668936520268727,0.6439139624518214
0.17157490396927016,0.23722627737226276,0.6384433669028969
0.1760981400870598,0.23394802216701702,0.6088524182518961
0.17866250950743667,0.23960661600357622,0.5997762029093622
0.18064516129032257,0.2409771790489595,0.5960462513987318
0.18181818181818182,0.2430744021711301,0.5902026606987443
0.1828793774319066,0.2430327868852459,0.5898296655476812
0.18508474576271186,0.24374967103531764,0.5757801815243069
0.1875,0.24846728346895552,0.5542707944796718
0.18957654723127035,0.24925347906924333,0.5500435161009574
0.1910828025477707,0.24926753604871604,0.5394753201541713
0.19384057971014493,0.25026455026455025,0.5292801193584483
0.19680851063829788,0.24766886513531955,0.4061917195076464
0.19732205778717407,0.24878911355424002,0.402337436279995
0.20170454545454544,0.2571498811767598,0.39015292801193585
0.20383597776827173,0.26070919607678766,0.38667163993534753
0.2059800664451827,0.2615578947368421,0.38617431306726346
0.20718816067653276,0.25943960362207413,0.37759542459281364
0.21314741035856574,0.26426666666666665,0.36963819470346887
0.216,0.26563217335414563,0.3596916573417879
0.21839080459770116,0.26660421545667445,0.3538480666418003
0.2222222222222222,0.2611741489886532,0.3291060549546189
0.22408536585365854,0.2581735069064891,0.32301380082058934
0.2247191011235955,0.25157232704402516,0.30834265821210993
0.22827949929247374,0.24932687129779213,0.2878279249036429
0.23026926648096566,0.2505702183121538,0.2868332711674748
0.23076923076923078,0.25470740782500845,0.28086534875046626
0.23529411764705882,0.2610062893081761,0.27862737784408803
0.23809523809523808,0.2663538873994638,0.24704712172075097
0.2413793103448276,0.26985869117848815,0.24456048738033073
0.24367816091954025,0.2692785211753345,0.24269551162501554
0.2459016393442623,0.26751681614349776,0.23734924779311203
0.247517514181764,0.2750289351851852,0.23635459405694392
0.2529644268774702,0.2755790090882439,0.23374362799950268
0.25755879059350506,0.2780502303462625,0.23262464254631357
0.259483030373515,0.2776857013711014,0.22914335446972522
0.26666666666666666,0.2756838905775076,0.22553773467611588
0.2736842105263158,0.2712358172339773,0.21994280741017033
0.2777777777777778,0.26813050873666305,0.2155911973144349
0.2857142857142857,0.28653878798166693,0.20987193833146836
0.2901960784313726,0.28471630601465325,0.20775829914211116
0.2929292929292929,0.2819717338848673,0.20340668904637574
0.3,0.2818386037670641,0.20278503046127067
0.3063583815028902,0.2924786013476598,0.19967673753574536
0.3081761006289308,0.28513162773451983,0.19122218077831654
0.313953488372093,0.2829763246899662,0.18724356583364415
0.3159722222222222,0.2800378429517502,0.18401094119109784
0.3273809523809524,0.2960594181968228,0.1784160139251523
0.3288409703504043,0.29251984956122024,0.17406440382941687
0.3333333333333333,0.30363036303630364,0.17157776948899664
0.33580717215501515,0.3243372342966324,0.16884247171453437
0.3391003460207612,0.31420765027322406,0.15727962203158025
0.34675321620097854,0.308119011598588,0.15193335819967674
0.34782608695652173,0.3077311773623042,0.1514360313315927
0.36363636363636365,0.30501144746883746,0.14907372870819346
0.3767123287671233,0.335042735042735,0.1462140992167102
0.38181818181818183,0.33562035448827904,0.14596543578266816
0.3841257945709486,0.3512136649685346,0.14571677234862612
0.38461538461538464,0.35142428785607194,0.14571677234862612
0.3888888888888889,0.35075075075075074,0.14521944548054208
0.3951367781155015,0.34960819770946355,0.144224791744374
0.4024124456462249,0.3479594967781528,0.1409921671018277
0.416,0.34844279987665744,0.14049484023374362
0.42376778050722114,0.33471734270201214,0.13029963943802064
0.4396551724137931,0.3703836500537827,0.12843466368270545
0.44680851063829785,0.36523009495982467,0.12433171702101206
0.45454545454545453,0.3598217601188266,0.12047743379336069
0.47368421052631576,0.3585046728971963,0.11923411662315056
0.47863247863247865,0.35917602996254683,0.11923411662315056
0.4853378845815921,0.3712121212121212,0.11575282854656223
0.4884802035531715,0.3677736777367774,0.11152555016784782
0.4936927992052668,0.36083333333333334,0.10767126694019645
0.4968582753003211,0.36086775135586147,0.10754693522317543
0.5000368699136712,0.36140499365213713,0.1061792863359443
0.5229007633587787,0.3662516101331043,0.10605495461892328
0.5384615384615384,0.4126746506986028,0.10282232997637697
0.5408581788385071,0.43610223642172524,0.10182767624020887
0.56,0.471563981042654,0.0989680467487256
0.5662650602409639,0.46805970149253734,0.09747606614447346
0.5795561819072258,0.46843054720384847,0.09685440755936839
0.5868919054871721,0.4688821752265861,0.09648141240830536
0.5910931174089069,0.4703363914373089,0.09561109038915827
0.5988820983523246,0.4383007417397168,0.08081561606365784
0.6091399461559268,0.46943396226415096,0.0773343279870695
0.6135480130276958,0.48853754940711464,0.07683700111898545
0.6201550387596898,0.4856,0.07546935223175431
0.6307209166958216,0.5671039354187689,0.06987442496580878
0.6551724137931034,0.6358173076923077,0.06577147830411538
0.6666666666666666,0.6390243902439025,0.06514981971901032
0.6814814814814815,0.6580976863753213,0.06365783911475817
0.6898670656864727,0.692090395480226,0.060922541340295906
0.7142857142857143,0.5324384787472036,0.02959094865100087
0.7333333333333333,0.5495978552278821,0.025488001989307472
0.7368421052631579,0.6366906474820144,0.022006713912719134
0.7647058823529411,0.6245353159851301,0.020887728459530026
0.7671390895029282,0.631578947368421,0.020887728459530026
0.7838627267289764,0.7121212121212122,0.0175307720999627
0.8333333333333334,0.8222222222222222,0.013800820589332338
0.8571428571428571,0.8384615384615385,0.013552157155290314
0.9090909090909091,0.8,0.006465249285092627
0.9565217391304348,0.7966101694915254,0.005843590699987567
0.999999,0.8947368421052632,0.00422727837871441
